{
    "burgers": [
        {
            "id": 101,
            "title": "Veggie Delight",
            "meat": "Vegetarian",
            "bread": "Whole Wheat",
            "ingredients": [
                "lettuce",
                "tomato",
                "onion",
                "mayo"
            ]
        },
        {
            "id": 102,
            "title": "Garden Goodness",
            "meat": "Vegetarian",
            "bread": "Multigrain",
            "ingredients": [
                "spinach",
                "avocado",
                "cucumber",
                "hummus"
            ]
        },
        {
            "id": 201,
            "title": "Grilled Chicken Bliss",
            "meat": "Chicken",
            "bread": "Brioche",
            "ingredients": [
                "grilled chicken",
                "lettuce",
                "tomato",
                "garlic aioli"
            ]
        },
        {
            "id": 202,
            "title": "Zesty Chicken Delight",
            "meat": "Chicken",
            "bread": "Sesame Seed",
            "ingredients": [
                "spicy chicken",
                "pickles",
                "red onion",
                "chipotle mayo"
            ]
        },
        {
            "id": 301,
            "title": "Classic Beef Masterpiece",
            "meat": "Beef",
            "bread": "Potato Bun",
            "ingredients": [
                "beef patty",
                "cheddar cheese",
                "lettuce",
                "ketchup"
            ]
        },
        {
            "id": 302,
            "title": "BBQ Bacon Bliss",
            "meat": "Beef",
            "bread": "Pretzel Bun",
            "ingredients": [
                "bacon",
                "barbecue sauce",
                "onion rings",
                "smoked gouda"
            ]
        }
    ]
}